{
  "main.py": 1776306332.7034523,
  "client\\vite.config.js": 1776262619.927394,
  "client\\src\\App.jsx": 1776305417.0846598,
  "client\\src\\main.jsx": 1776258356.8131702,
  "client\\src\\components\\ContextForm.jsx": 1776456951.294679,
  "client\\src\\components\\chat\\ChatInput.jsx": 1776456551.7879808,
  "client\\src\\components\\chat\\ChatPanel.jsx": 1776456573.430094,
  "client\\src\\components\\chat\\MessageBubble.jsx": 1776456530.8859587,
  "client\\src\\components\\chat\\StructuredAnswer.jsx": 1776460474.7245996,
  "client\\src\\components\\evidence\\EvidencePanel.jsx": 1776460505.9351249,
  "client\\src\\components\\evidence\\PublicationsTab.jsx": 1776456664.0284884,
  "client\\src\\components\\evidence\\ResearchersTab.jsx": 1776456825.3638403,
  "client\\src\\components\\evidence\\SourceCard.jsx": 1776276605.1997416,
  "client\\src\\components\\evidence\\TimelineTab.jsx": 1776456850.2235694,
  "client\\src\\components\\evidence\\TrialsTab.jsx": 1776456696.8802185,
  "client\\src\\components\\layout\\AppTopNav.jsx": 1776456380.14448,
  "client\\src\\components\\sidebar\\ExportButton.jsx": 1776456872.225451,
  "client\\src\\components\\sidebar\\Sidebar.jsx": 1776460449.184771,
  "client\\src\\components\\ui\\Button.jsx": 1776262619.927394,
  "client\\src\\components\\ui\\Card.jsx": 1776262619.927394,
  "client\\src\\components\\ui\\ErrorBanner.jsx": 1776308273.7606227,
  "client\\src\\components\\ui\\LoadingOverlay.jsx": 1776458994.7726786,
  "client\\src\\components\\ui\\MagicBackdrop.jsx": 1776262619.927394,
  "client\\src\\components\\ui\\textarea.jsx": 1776313111.901953,
  "client\\src\\components\\ui\\ThemeToggle.jsx": 1776456404.5204048,
  "client\\src\\components\\ui\\v0-ai-chat.jsx": 1776313404.4818003,
  "client\\src\\hooks\\useTheme.js": 1776456300.642542,
  "client\\src\\lib\\utils.js": 1776262619.927394,
  "client\\src\\pages\\AnalyticsDashboard.jsx": 1776457016.0887437,
  "client\\src\\pages\\LandingPage.jsx": 1776456459.315248,
  "client\\src\\pages\\PlatformPage.jsx": 1776276388.5039325,
  "client\\src\\pages\\ResearchInterface.jsx": 1776456506.0494287,
  "client\\src\\pages\\StatusPage.jsx": 1776276388.5039325,
  "client\\src\\store\\useAppStore.js": 1776276888.5201576,
  "client\\src\\utils\\api.js": 1776230649.4129057,
  "llm-service\\main.py": 1776460427.2185714,
  "scripts\\generate-project-context.mjs": 1776308409.410015,
  "scripts\\integration-smoke.mjs": 1776310953.4562612,
  "server\\src\\app.js": 1776457523.4682078,
  "server\\src\\lib\\logger.js": 1776422558.2502663,
  "server\\src\\middleware\\errorHandler.js": 1776422799.2747357,
  "server\\src\\middleware\\requestLogger.js": 1776422797.921525,
  "server\\src\\models\\Analytics.js": 1776262619.927394,
  "server\\src\\models\\Message.js": 1776460336.196739,
  "server\\src\\models\\Session.js": 1776262619.927394,
  "server\\src\\models\\SourceDoc.js": 1776262619.927394,
  "server\\src\\models\\User.js": 1776196965.1655009,
  "server\\src\\routes\\analytics.js": 1776262619.9376092,
  "server\\src\\routes\\export.js": 1776196965.1685016,
  "server\\src\\routes\\query.js": 1776459568.159567,
  "server\\src\\routes\\sessions.js": 1776269595.0700943,
  "server\\src\\services\\llm.js": 1776422800.3738506,
  "server\\src\\services\\scheduler.js": 1776457799.1467452,
  "server\\src\\services\\apis\\clinicaltrials.js": 1776459568.1590483,
  "server\\src\\services\\apis\\openalex.js": 1776457759.7673352,
  "server\\src\\services\\apis\\pubmed.js": 1776457759.7683353,
  "server\\src\\services\\pipeline\\contextPackager.js": 1776224397.6695375,
  "server\\src\\services\\pipeline\\intentClassifier.js": 1776223566.9983046,
  "server\\src\\services\\pipeline\\normalizer.js": 1776223566.9983046,
  "server\\src\\services\\pipeline\\orchestrator.js": 1776460379.6088781,
  "server\\src\\services\\pipeline\\queryExpander.js": 1776311216.5145965,
  "server\\src\\services\\pipeline\\reranker.js": 1776306332.7239475,
  "server\\src\\services\\pipeline\\retriever.js": 1776196965.1695018,
  "DAY1_IMPLEMENTATION.md": 1776227230.0644944,
  "DAY2_IMPLEMENTATION.md": 1776222894.7346983,
  "DAY3_IMPLEMENTATION.md": 1776231504.7807467,
  "DAY4_IMPLEMENTATION.md": 1776227567.268659,
  "PRD (1).md": 1776227230.0703943,
  "PROJECT_CONTEXT.md": 1776424730.0856242,
  "README.md": 1776310953.4562612,
  "TODO.md": 1776423064.6842213,
  "llm-service\\requirements.txt": 1776308680.7050683,
  "client\\public\\favicon.svg": 1776198594.4870205
}